Company Name,Industry,No of Employees
Keolis Hyderabad Mass Rapid Transit System Pvt Ltd,Truck Transportation,501-1K employees
Mercedes-Benz Silver Star Hyderabad,Motor Vehicle Manufacturing,51-200 employees
Hyderabad Trailblazin',Community Services,11-50 employees
HYDERABAD TULAMAN,Machinery Manufacturing,51-200 employees
CIE IIIT Hyderabad,IT Services and IT Consulting,2-10 employees
"Business Analyst training online Training in Hyderabad, India, USA, UK, Canada",IT Services and IT Consulting,11-50 employees
Hyderabad School Of Artificial Intelligence,IT Services and IT Consulting,11-50 employees
AAPC Hyderabad Local Chapter,Hospitals and Health Care,2-10 employees
Lexus Hyderabad,Automotive,201-500 employees
Hyderabad DAO,Community Services,2-10 employees
Regional Scrum Gathering Hyderabad 2024,Community Services,2-10 employees
Emblix Academy : Top Digital Marketing Training in Hyderabad,Professional Training and Coaching,11-50 employees
Thermal Systems (Hyderabad) Pvt. Ltd.,Industrial Machinery Manufacturing,501-1K employees
AWS User Group Hyderabad,IT Services and IT Consulting,2-10 employees
Veritaz Healthcare Limited - Hyderabad,Pharmaceutical Manufacturing,201-500 employees
Hyderabad Fabrication and Engineering Contractors (HFEC),Mechanical Or Industrial Engineering,0-1 employees
"Department of Pharmaceutical Management, NIPER Hyderabad",Pharmaceutical Manufacturing,201-500 employees
Hyderabad Laboratories Private Limited,Pharmaceutical Manufacturing,11-50 employees
GMR Hyderabad Air Cargo,"Transportation, Logistics, Supply Chain and Storage",501-1K employees
"A.R. Life Sciences Pvt Ltd. Hyderabad,",Pharmaceutical Manufacturing,201-500 employees
ISACA Hyderabad Chapter,Computer and Network Security,11-50 employees
MEP (Mechanical (HVAC) | Electrical | Plumbing + Fire Fighting Courses In Hyderabad India,Industrial Machinery Manufacturing,Not specified
IRCA /CQI -ISO 9001:2015 QMS Auditor Lead Auditor Training Course In Hyderabad,Industrial Machinery Manufacturing,Not specified
UJR Technologies Pvt Ltd - Software Development Company in Hyderabad,IT Services and IT Consulting,11-50 employees
Eye care Hyderabad,Hospitals and Health Care,11-50 employees
Vertex Electronics Hyderabad,"Appliances, Electrical, and Electronics Manufacturing",201-500 employees
